file,file-chromo,file inter chromo,chromo - file
out3237,2,1,0
out1920,3,1,0
out2692,3,1,0
out3,4,1,0
out654,4,1,0
out1977,4,1,0
out2905,4,1,0
out1318,5,1,0
out2195,5,1,0
out3075,5,1,0
out2293,6,1,0
out2906,7,1,0
out1921,9,1,0
out1319,11,1,0
out4,15,1,0
out20,24,1,0
out127,25,1,0
out7,3,0,1
out11,3,0,1
out15,3,0,1
out19,3,0,1
out23,3,0,1
out25,3,0,1
out30,3,0,1
out32,3,0,1
out34,3,0,1
out39,3,0,1
out41,3,0,1
out45,3,0,1
out47,3,0,1
out49,3,0,1
out51,3,0,1
out52,3,0,1
out56,3,0,1
out57,3,0,1
out60,3,0,1
out62,3,0,1
out64,3,0,1
out65,3,0,1
out68,3,0,1
out70,3,0,1
out72,3,0,1
out74,3,0,1
out76,3,0,1
out78,3,0,1
out82,3,0,1
out83,3,0,1
out85,3,0,1
out87,3,0,1
out88,3,0,1
out91,3,0,1
out93,3,0,1
out95,3,0,1
out97,3,0,1
out99,3,0,1
out101,3,0,1
out103,3,0,1
out105,3,0,1
out107,3,0,1
out111,3,0,1
out113,3,0,1
out115,3,0,1
out117,3,0,1
out121,3,0,1
out124,3,0,1
out128,3,0,1
out129,3,0,1
out131,3,0,1
out133,3,0,1
out137,3,0,1
out140,3,0,1
out142,3,0,1
out145,3,0,1
out148,3,0,1
out150,3,0,1
out153,3,0,1
out155,3,0,1
out157,3,0,1
out159,3,0,1
out161,3,0,1
out167,3,0,1
out169,3,0,1
out171,3,0,1
out175,3,0,1
out177,3,0,1
out179,3,0,1
out182,3,0,1
out184,3,0,1
out186,3,0,1
out189,3,0,1
out194,3,0,1
out196,3,0,1
out197,3,0,1
out201,3,0,1
out205,3,0,1
out210,3,0,1
out212,3,0,1
out214,3,0,1
out216,3,0,1
out219,3,0,1
out221,3,0,1
out223,3,0,1
out227,3,0,1
out234,3,0,1
out236,3,0,1
out238,3,0,1
out240,3,0,1
out242,3,0,1
out244,3,0,1
out245,3,0,1
out247,3,0,1
out251,3,0,1
out254,3,0,1
out256,3,0,1
out260,3,0,1
out262,3,0,1
out268,3,0,1
out270,3,0,1
out272,3,0,1
out274,3,0,1
out279,3,0,1
out281,3,0,1
out283,3,0,1
out285,3,0,1
out290,3,0,1
out294,3,0,1
out298,3,0,1
out300,3,0,1
out302,3,0,1
out303,3,0,1
out306,3,0,1
out308,3,0,1
out312,3,0,1
out314,3,0,1
out316,3,0,1
out317,3,0,1
out319,3,0,1
out320,3,0,1
out322,3,0,1
out324,3,0,1
out326,3,0,1
out328,3,0,1
out330,3,0,1
out332,3,0,1
out334,3,0,1
out336,3,0,1
out338,3,0,1
out340,3,0,1
out343,3,0,1
out345,3,0,1
out348,3,0,1
out349,3,0,1
out351,3,0,1
out352,3,0,1
out353,3,0,1
out355,3,0,1
out357,3,0,1
out359,3,0,1
out361,3,0,1
out363,3,0,1
out365,3,0,1
out366,3,0,1
out368,3,0,1
out372,3,0,1
out378,3,0,1
out380,3,0,1
out382,3,0,1
out384,3,0,1
out387,3,0,1
out389,3,0,1
out391,3,0,1
out393,3,0,1
out395,3,0,1
out398,3,0,1
out401,3,0,1
out402,3,0,1
out403,3,0,1
out407,3,0,1
out414,3,0,1
out416,3,0,1
out418,3,0,1
out419,3,0,1
out421,3,0,1
out423,3,0,1
out425,3,0,1
out428,3,0,1
out430,3,0,1
out432,3,0,1
out433,3,0,1
out435,3,0,1
out437,3,0,1
out439,3,0,1
out441,3,0,1
out443,3,0,1
out444,3,0,1
out445,3,0,1
out447,3,0,1
out453,3,0,1
out454,3,0,1
out456,3,0,1
out459,3,0,1
out461,3,0,1
out463,3,0,1
out465,3,0,1
out467,3,0,1
out469,3,0,1
out471,3,0,1
out475,3,0,1
out478,3,0,1
out480,3,0,1
out482,3,0,1
out484,3,0,1
out486,3,0,1
out488,3,0,1
out491,3,0,1
out493,3,0,1
out495,3,0,1
out497,3,0,1
out498,3,0,1
out500,3,0,1
out502,3,0,1
out504,3,0,1
out508,3,0,1
out510,3,0,1
out511,3,0,1
out513,3,0,1
out515,3,0,1
out516,3,0,1
out518,3,0,1
out520,3,0,1
out522,3,0,1
out523,3,0,1
out524,3,0,1
out527,3,0,1
out530,3,0,1
out532,3,0,1
out534,3,0,1
out539,3,0,1
out542,3,0,1
out544,3,0,1
out546,3,0,1
out550,3,0,1
out552,3,0,1
out554,3,0,1
out556,3,0,1
out558,3,0,1
out560,3,0,1
out562,3,0,1
out564,3,0,1
out566,3,0,1
out571,3,0,1
out573,3,0,1
out575,3,0,1
out577,3,0,1
out582,3,0,1
out584,3,0,1
out586,3,0,1
out588,3,0,1
out590,3,0,1
out592,3,0,1
out597,3,0,1
out599,3,0,1
out601,3,0,1
out603,3,0,1
out605,3,0,1
out607,3,0,1
out608,3,0,1
out610,3,0,1
out612,3,0,1
out614,3,0,1
out616,3,0,1
out617,3,0,1
out618,3,0,1
out620,3,0,1
out621,3,0,1
out623,3,0,1
out625,3,0,1
out627,3,0,1
out629,3,0,1
out631,3,0,1
out633,3,0,1
out634,3,0,1
out636,3,0,1
out637,3,0,1
out638,3,0,1
out639,3,0,1
out641,3,0,1
out643,3,0,1
out645,3,0,1
out647,3,0,1
out649,3,0,1
out651,3,0,1
out653,3,0,1
out655,3,0,1
out658,3,0,1
out660,3,0,1
out662,3,0,1
out664,3,0,1
out665,3,0,1
out666,3,0,1
out667,3,0,1
out669,3,0,1
out671,3,0,1
out673,3,0,1
out674,3,0,1
out675,3,0,1
out678,3,0,1
out680,3,0,1
out682,3,0,1
out684,3,0,1
out686,3,0,1
out689,3,0,1
out691,3,0,1
out695,3,0,1
out697,3,0,1
out699,3,0,1
out700,3,0,1
out701,3,0,1
out703,3,0,1
out704,3,0,1
out706,3,0,1
out708,3,0,1
out711,3,0,1
out712,3,0,1
out714,3,0,1
out715,3,0,1
out717,3,0,1
out719,3,0,1
out720,3,0,1
out723,3,0,1
out725,3,0,1
out727,3,0,1
out728,3,0,1
out730,3,0,1
out731,3,0,1
out734,3,0,1
out735,3,0,1
out739,3,0,1
out741,3,0,1
out742,3,0,1
out744,3,0,1
out750,3,0,1
out752,3,0,1
out753,3,0,1
out755,3,0,1
out757,3,0,1
out759,3,0,1
out761,3,0,1
out763,3,0,1
out765,3,0,1
out766,3,0,1
out768,3,0,1
out770,3,0,1
out771,3,0,1
out773,3,0,1
out774,3,0,1
out776,3,0,1
out777,3,0,1
out779,3,0,1
out781,3,0,1
out785,3,0,1
out787,3,0,1
out790,3,0,1
out792,3,0,1
out793,3,0,1
out794,3,0,1
out795,3,0,1
out797,3,0,1
out801,3,0,1
out804,3,0,1
out807,3,0,1
out809,3,0,1
out810,3,0,1
out812,3,0,1
out814,3,0,1
out815,3,0,1
out817,3,0,1
out819,3,0,1
out821,3,0,1
out824,3,0,1
out826,3,0,1
out828,3,0,1
out830,3,0,1
out833,3,0,1
out835,3,0,1
out836,3,0,1
out838,3,0,1
out839,3,0,1
out841,3,0,1
out843,3,0,1
out845,3,0,1
out847,3,0,1
out848,3,0,1
out850,3,0,1
out852,3,0,1
out853,3,0,1
out854,3,0,1
out856,3,0,1
out858,3,0,1
out860,3,0,1
out861,3,0,1
out862,3,0,1
out864,3,0,1
out867,3,0,1
out869,3,0,1
out871,3,0,1
out873,3,0,1
out874,3,0,1
out877,3,0,1
out878,3,0,1
out880,3,0,1
out883,3,0,1
out884,3,0,1
out886,3,0,1
out887,3,0,1
out890,3,0,1
out892,3,0,1
out894,3,0,1
out899,3,0,1
out901,3,0,1
out902,3,0,1
out904,3,0,1
out905,3,0,1
out908,3,0,1
out909,3,0,1
out911,3,0,1
out912,3,0,1
out914,3,0,1
out915,3,0,1
out917,3,0,1
out919,3,0,1
out920,3,0,1
out922,3,0,1
out924,3,0,1
out925,3,0,1
out927,3,0,1
out929,3,0,1
out930,3,0,1
out931,3,0,1
out933,3,0,1
out934,3,0,1
out936,3,0,1
out938,3,0,1
out940,3,0,1
out942,3,0,1
out944,3,0,1
out946,3,0,1
out947,3,0,1
out949,3,0,1
out950,3,0,1
out952,3,0,1
out953,3,0,1
out955,3,0,1
out956,3,0,1
out958,3,0,1
out960,3,0,1
out961,3,0,1
out963,3,0,1
out964,3,0,1
out965,3,0,1
out966,3,0,1
out968,3,0,1
out970,3,0,1
out972,3,0,1
out973,3,0,1
out975,3,0,1
out976,3,0,1
out979,3,0,1
out980,3,0,1
out982,3,0,1
out984,3,0,1
out985,3,0,1
out987,3,0,1
out989,3,0,1
out991,3,0,1
out992,3,0,1
out995,3,0,1
out996,3,0,1
out997,3,0,1
out998,3,0,1
out1000,3,0,1
out1001,3,0,1
out1003,3,0,1
out1005,3,0,1
out1008,3,0,1
out1011,3,0,1
out1012,3,0,1
out1014,3,0,1
out1017,3,0,1
out1019,3,0,1
out1020,3,0,1
out1021,3,0,1
out1022,3,0,1
out1025,3,0,1
out1027,3,0,1
out1029,3,0,1
out1030,3,0,1
out1032,3,0,1
out1033,3,0,1
out1035,3,0,1
out1036,3,0,1
out1037,3,0,1
out1039,3,0,1
out1040,3,0,1
out1041,3,0,1
out1043,3,0,1
out1045,3,0,1
out1048,3,0,1
out1050,3,0,1
out1054,3,0,1
out1056,3,0,1
out1057,3,0,1
out1061,3,0,1
out1062,3,0,1
out1064,3,0,1
out1067,3,0,1
out1070,3,0,1
out1071,3,0,1
out1072,3,0,1
out1074,3,0,1
out1075,3,0,1
out1077,3,0,1
out1079,3,0,1
out1080,3,0,1
out1083,3,0,1
out1085,3,0,1
out1087,3,0,1
out1089,3,0,1
out1091,3,0,1
out1093,3,0,1
out1095,3,0,1
out1097,3,0,1
out1100,3,0,1
out1102,3,0,1
out1104,3,0,1
out1105,3,0,1
out1106,3,0,1
out1112,3,0,1
out1113,3,0,1
out1114,3,0,1
out1115,3,0,1
out1117,3,0,1
out1118,3,0,1
out1120,3,0,1
out1122,3,0,1
out1123,3,0,1
out1124,3,0,1
out1130,3,0,1
out1132,3,0,1
out1133,3,0,1
out1134,3,0,1
out1137,3,0,1
out1139,3,0,1
out1141,3,0,1
out1142,3,0,1
out1144,3,0,1
out1146,3,0,1
out1148,3,0,1
out1150,3,0,1
out1153,3,0,1
out1154,3,0,1
out1156,3,0,1
out1158,3,0,1
out1159,3,0,1
out1162,3,0,1
out1166,3,0,1
out1170,3,0,1
out1171,3,0,1
out1173,3,0,1
out1175,3,0,1
out1178,3,0,1
out1180,3,0,1
out1182,3,0,1
out1183,3,0,1
out1184,3,0,1
out1187,3,0,1
out1188,3,0,1
out1190,3,0,1
out1192,3,0,1
out1195,3,0,1
out1197,3,0,1
out1199,3,0,1
out1201,3,0,1
out1202,3,0,1
out1204,3,0,1
out1206,3,0,1
out1207,3,0,1
out1208,3,0,1
out1209,3,0,1
out1210,3,0,1
out1212,3,0,1
out1214,3,0,1
out1216,3,0,1
out1218,3,0,1
out1220,3,0,1
out1221,3,0,1
out1222,3,0,1
out1223,3,0,1
out1224,3,0,1
out1225,3,0,1
out1226,3,0,1
out1229,3,0,1
out1231,3,0,1
out1232,3,0,1
out1233,3,0,1
out1235,3,0,1
out1238,3,0,1
out1239,3,0,1
out1241,3,0,1
out1243,3,0,1
out1244,3,0,1
out1246,3,0,1
out1247,3,0,1
out1248,3,0,1
out1252,3,0,1
out1254,3,0,1
out1256,3,0,1
out1258,3,0,1
out1260,3,0,1
out1261,3,0,1
out1262,3,0,1
out1263,3,0,1
out1264,3,0,1
out1266,3,0,1
out1267,3,0,1
out1269,3,0,1
out1270,3,0,1
out1271,3,0,1
out1272,3,0,1
out1273,3,0,1
out1275,3,0,1
out1276,3,0,1
out1278,3,0,1
out1280,3,0,1
out1281,3,0,1
out1282,3,0,1
out1284,3,0,1
out1285,3,0,1
out1287,3,0,1
out1289,3,0,1
out1291,3,0,1
out1292,3,0,1
out1294,3,0,1
out1296,3,0,1
out1300,3,0,1
out1301,3,0,1
out1303,3,0,1
out1305,3,0,1
out1307,3,0,1
out1308,3,0,1
out1310,3,0,1
out1312,3,0,1
out1314,3,0,1
out1315,3,0,1
out1317,3,0,1
out1320,3,0,1
out1322,3,0,1
out1327,3,0,1
out1328,3,0,1
out1329,3,0,1
out1330,3,0,1
out1332,3,0,1
out1335,3,0,1
out1336,3,0,1
out1339,3,0,1
out1340,3,0,1
out1341,3,0,1
out1342,3,0,1
out1346,3,0,1
out1348,3,0,1
out1349,3,0,1
out1350,3,0,1
out1351,3,0,1
out1354,3,0,1
out1356,3,0,1
out1359,3,0,1
out1360,3,0,1
out1362,3,0,1
out1365,3,0,1
out1366,3,0,1
out1369,3,0,1
out1371,3,0,1
out1372,3,0,1
out1374,3,0,1
out1375,3,0,1
out1376,3,0,1
out1377,3,0,1
out1380,3,0,1
out1383,3,0,1
out1384,3,0,1
out1386,3,0,1
out1388,3,0,1
out1390,3,0,1
out1391,3,0,1
out1393,3,0,1
out1395,3,0,1
out1396,3,0,1
out1397,3,0,1
out1398,3,0,1
out1399,3,0,1
out1400,3,0,1
out1401,3,0,1
out1403,3,0,1
out1405,3,0,1
out1409,3,0,1
out1411,3,0,1
out1412,3,0,1
out1414,3,0,1
out1415,3,0,1
out1416,3,0,1
out1418,3,0,1
out1420,3,0,1
out1423,3,0,1
out1426,3,0,1
out1428,3,0,1
out1430,3,0,1
out1431,3,0,1
out1432,3,0,1
out1433,3,0,1
out1434,3,0,1
out1435,3,0,1
out1437,3,0,1
out1438,3,0,1
out1439,3,0,1
out1440,3,0,1
out1442,3,0,1
out1444,3,0,1
out1445,3,0,1
out1447,3,0,1
out1448,3,0,1
out1449,3,0,1
out1450,3,0,1
out1451,3,0,1
out1452,3,0,1
out1454,3,0,1
out1456,3,0,1
out1458,3,0,1
out1459,3,0,1
out1460,3,0,1
out1461,3,0,1
out1462,3,0,1
out1465,3,0,1
out1466,3,0,1
out1467,3,0,1
out1468,3,0,1
out1469,3,0,1
out1471,3,0,1
out1473,3,0,1
out1476,3,0,1
out1477,3,0,1
out1478,3,0,1
out1481,3,0,1
out1482,3,0,1
out1483,3,0,1
out1484,3,0,1
out1486,3,0,1
out1488,3,0,1
out1491,3,0,1
out1492,3,0,1
out1494,3,0,1
out1496,3,0,1
out1499,3,0,1
out1502,3,0,1
out1504,3,0,1
out1505,3,0,1
out1506,3,0,1
out1508,3,0,1
out1509,3,0,1
out1510,3,0,1
out1511,3,0,1
out1514,3,0,1
out1517,3,0,1
out1519,3,0,1
out1520,3,0,1
out1521,3,0,1
out1523,3,0,1
out1525,3,0,1
out1526,3,0,1
out1529,3,0,1
out1530,3,0,1
out1532,3,0,1
out1533,3,0,1
out1534,3,0,1
out1535,3,0,1
out1537,3,0,1
out1539,3,0,1
out1540,3,0,1
out1541,3,0,1
out1542,3,0,1
out1543,3,0,1
out1544,3,0,1
out1545,3,0,1
out1548,3,0,1
out1549,3,0,1
out1550,3,0,1
out1551,3,0,1
out1553,3,0,1
out1554,3,0,1
out1556,3,0,1
out1558,3,0,1
out1560,3,0,1
out1561,3,0,1
out1563,3,0,1
out1565,3,0,1
out1567,3,0,1
out1568,3,0,1
out1569,3,0,1
out1571,3,0,1
out1573,3,0,1
out1575,3,0,1
out1577,3,0,1
out1579,3,0,1
out1580,3,0,1
out1582,3,0,1
out1584,3,0,1
out1585,3,0,1
out1587,3,0,1
out1590,3,0,1
out1591,3,0,1
out1593,3,0,1
out1594,3,0,1
out1595,3,0,1
out1596,3,0,1
out1597,3,0,1
out1599,3,0,1
out1601,3,0,1
out1602,3,0,1
out1604,3,0,1
out1605,3,0,1
out1606,3,0,1
out1608,3,0,1
out1610,3,0,1
out1611,3,0,1
out1612,3,0,1
out1614,3,0,1
out1615,3,0,1
out1617,3,0,1
out1619,3,0,1
out1621,3,0,1
out1623,3,0,1
out1625,3,0,1
out1626,3,0,1
out1628,3,0,1
out1630,3,0,1
out1632,3,0,1
out1634,3,0,1
out1635,3,0,1
out1640,3,0,1
out1641,3,0,1
out1643,3,0,1
out1645,3,0,1
out1648,3,0,1
out1649,3,0,1
out1650,3,0,1
out1651,3,0,1
out1652,3,0,1
out1653,3,0,1
out1654,3,0,1
out1656,3,0,1
out1657,3,0,1
out1659,3,0,1
out1660,3,0,1
out1661,3,0,1
out1662,3,0,1
out1664,3,0,1
out1665,3,0,1
out1667,3,0,1
out1669,3,0,1
out1671,3,0,1
out1672,3,0,1
out1674,3,0,1
out1675,3,0,1
out1677,3,0,1
out1678,3,0,1
out1679,3,0,1
out1681,3,0,1
out1683,3,0,1
out1684,3,0,1
out1686,3,0,1
out1687,3,0,1
out1688,3,0,1
out1690,3,0,1
out1691,3,0,1
out1692,3,0,1
out1694,3,0,1
out1695,3,0,1
out1697,3,0,1
out1699,3,0,1
out1700,3,0,1
out1701,3,0,1
out1703,3,0,1
out1706,3,0,1
out1708,3,0,1
out1710,3,0,1
out1712,3,0,1
out1713,3,0,1
out1715,3,0,1
out1716,3,0,1
out1717,3,0,1
out1719,3,0,1
out1720,3,0,1
out1721,3,0,1
out1722,3,0,1
out1723,3,0,1
out1724,3,0,1
out1725,3,0,1
out1726,3,0,1
out1728,3,0,1
out1730,3,0,1
out1731,3,0,1
out1732,3,0,1
out1733,3,0,1
out1735,3,0,1
out1738,3,0,1
out1741,3,0,1
out1742,3,0,1
out1744,3,0,1
out1745,3,0,1
out1746,3,0,1
out1747,3,0,1
out1748,3,0,1
out1750,3,0,1
out1752,3,0,1
out1753,3,0,1
out1754,3,0,1
out1756,3,0,1
out1761,3,0,1
out1764,3,0,1
out1766,3,0,1
out1768,3,0,1
out1770,3,0,1
out1771,3,0,1
out1775,3,0,1
out1777,3,0,1
out1778,3,0,1
out1779,3,0,1
out1781,3,0,1
out1782,3,0,1
out1783,3,0,1
out1785,3,0,1
out1786,3,0,1
out1787,3,0,1
out1788,3,0,1
out1789,3,0,1
out1790,3,0,1
out1791,3,0,1
out1793,3,0,1
out1794,3,0,1
out1796,3,0,1
out1797,3,0,1
out1798,3,0,1
out1799,3,0,1
out1801,3,0,1
out1803,3,0,1
out1805,3,0,1
out1806,3,0,1
out1808,3,0,1
out1810,3,0,1
out1812,3,0,1
out1813,3,0,1
out1815,3,0,1
out1816,3,0,1
out1818,3,0,1
out1819,3,0,1
out1820,3,0,1
out1822,3,0,1
out1824,3,0,1
out1826,3,0,1
out1828,3,0,1
out1829,3,0,1
out1830,3,0,1
out1831,3,0,1
out1832,3,0,1
out1834,3,0,1
out1836,3,0,1
out1839,3,0,1
out1840,3,0,1
out1842,3,0,1
out1843,3,0,1
out1844,3,0,1
out1845,3,0,1
out1847,3,0,1
out1849,3,0,1
out1850,3,0,1
out1852,3,0,1
out1853,3,0,1
out1855,3,0,1
out1856,3,0,1
out1858,3,0,1
out1860,3,0,1
out1862,3,0,1
out1863,3,0,1
out1864,3,0,1
out1865,3,0,1
out1869,3,0,1
out1871,3,0,1
out1872,3,0,1
out1874,3,0,1
out1875,3,0,1
out1876,3,0,1
out1877,3,0,1
out1879,3,0,1
out1881,3,0,1
out1884,3,0,1
out1885,3,0,1
out1887,3,0,1
out1888,3,0,1
out1890,3,0,1
out1891,3,0,1
out1892,3,0,1
out1893,3,0,1
out1895,3,0,1
out1898,3,0,1
out1899,3,0,1
out1900,3,0,1
out1901,3,0,1
out1902,3,0,1
out1903,3,0,1
out1905,3,0,1
out1906,3,0,1
out1908,3,0,1
out1909,3,0,1
out1910,3,0,1
out1911,3,0,1
out1914,3,0,1
out1915,3,0,1
out1917,3,0,1
out1919,3,0,1
out1922,3,0,1
out1923,3,0,1
out1924,3,0,1
out1925,3,0,1
out1927,3,0,1
out1929,3,0,1
out1930,3,0,1
out1932,3,0,1
out1934,3,0,1
out1935,3,0,1
out1937,3,0,1
out1938,3,0,1
out1940,3,0,1
out1942,3,0,1
out1943,3,0,1
out1944,3,0,1
out1946,3,0,1
out1947,3,0,1
out1948,3,0,1
out1949,3,0,1
out1952,3,0,1
out1953,3,0,1
out1955,3,0,1
out1956,3,0,1
out1957,3,0,1
out1958,3,0,1
out1960,3,0,1
out1961,3,0,1
out1963,3,0,1
out1964,3,0,1
out1965,3,0,1
out1966,3,0,1
out1967,3,0,1
out1970,3,0,1
out1971,3,0,1
out1973,3,0,1
out1974,3,0,1
out1975,3,0,1
out1976,3,0,1
out1978,3,0,1
out1980,3,0,1
out1982,3,0,1
out1984,3,0,1
out1985,3,0,1
out1987,3,0,1
out1989,3,0,1
out1990,3,0,1
out1991,3,0,1
out1992,3,0,1
out1994,3,0,1
out1995,3,0,1
out1996,3,0,1
out1997,3,0,1
out1999,3,0,1
out2000,3,0,1
out2001,3,0,1
out2002,3,0,1
out2003,3,0,1
out2005,3,0,1
out2007,3,0,1
out2010,3,0,1
out2012,3,0,1
out2013,3,0,1
out2014,3,0,1
out2017,3,0,1
out2018,3,0,1
out2022,3,0,1
out2023,3,0,1
out2024,3,0,1
out2025,3,0,1
out2026,3,0,1
out2027,3,0,1
out2029,3,0,1
out2030,3,0,1
out2032,3,0,1
out2033,3,0,1
out2034,3,0,1
out2036,3,0,1
out2037,3,0,1
out2040,3,0,1
out2042,3,0,1
out2044,3,0,1
out2045,3,0,1
out2046,3,0,1
out2047,3,0,1
out2049,3,0,1
out2051,3,0,1
out2052,3,0,1
out2054,3,0,1
out2055,3,0,1
out2056,3,0,1
out2057,3,0,1
out2058,3,0,1
out2061,3,0,1
out2062,3,0,1
out2063,3,0,1
out2064,3,0,1
out2065,3,0,1
out2068,3,0,1
out2069,3,0,1
out2071,3,0,1
out2073,3,0,1
out2074,3,0,1
out2076,3,0,1
out2077,3,0,1
out2078,3,0,1
out2079,3,0,1
out2080,3,0,1
out2082,3,0,1
out2085,3,0,1
out2087,3,0,1
out2088,3,0,1
out2089,3,0,1
out2090,3,0,1
out2092,3,0,1
out2094,3,0,1
out2095,3,0,1
out2096,3,0,1
out2097,3,0,1
out2099,3,0,1
out2101,3,0,1
out2102,3,0,1
out2103,3,0,1
out2104,3,0,1
out2105,3,0,1
out2106,3,0,1
out2107,3,0,1
out2108,3,0,1
out2109,3,0,1
out2110,3,0,1
out2112,3,0,1
out2113,3,0,1
out2114,3,0,1
out2115,3,0,1
out2118,3,0,1
out2119,3,0,1
out2120,3,0,1
out2121,3,0,1
out2123,3,0,1
out2126,3,0,1
out2127,3,0,1
out2128,3,0,1
out2129,3,0,1
out2130,3,0,1
out2131,3,0,1
out2132,3,0,1
out2135,3,0,1
out2136,3,0,1
out2138,3,0,1
out2140,3,0,1
out2141,3,0,1
out2143,3,0,1
out2144,3,0,1
out2146,3,0,1
out2148,3,0,1
out2149,3,0,1
out2150,3,0,1
out2151,3,0,1
out2152,3,0,1
out2153,3,0,1
out2155,3,0,1
out2156,3,0,1
out2157,3,0,1
out2159,3,0,1
out2161,3,0,1
out2163,3,0,1
out2164,3,0,1
out2165,3,0,1
out2167,3,0,1
out2169,3,0,1
out2171,3,0,1
out2172,3,0,1
out2173,3,0,1
out2174,3,0,1
out2175,3,0,1
out2176,3,0,1
out2178,3,0,1
out2179,3,0,1
out2180,3,0,1
out2182,3,0,1
out2184,3,0,1
out2185,3,0,1
out2186,3,0,1
out2188,3,0,1
out2190,3,0,1
out2191,3,0,1
out2193,3,0,1
out2196,3,0,1
out2197,3,0,1
out2198,3,0,1
out2200,3,0,1
out2203,3,0,1
out2204,3,0,1
out2206,3,0,1
out2207,3,0,1
out2208,3,0,1
out2209,3,0,1
out2210,3,0,1
out2213,3,0,1
out2214,3,0,1
out2215,3,0,1
out2216,3,0,1
out2217,3,0,1
out2219,3,0,1
out2221,3,0,1
out2224,3,0,1
out2225,3,0,1
out2226,3,0,1
out2227,3,0,1
out2228,3,0,1
out2229,3,0,1
out2231,3,0,1
out2232,3,0,1
out2234,3,0,1
out2236,3,0,1
out2237,3,0,1
out2238,3,0,1
out2239,3,0,1
out2242,3,0,1
out2244,3,0,1
out2245,3,0,1
out2246,3,0,1
out2247,3,0,1
out2249,3,0,1
out2250,3,0,1
out2251,3,0,1
out2252,3,0,1
out2254,3,0,1
out2255,3,0,1
out2256,3,0,1
out2257,3,0,1
out2259,3,0,1
out2260,3,0,1
out2261,3,0,1
out2263,3,0,1
out2267,3,0,1
out2268,3,0,1
out2269,3,0,1
out2270,3,0,1
out2271,3,0,1
out2272,3,0,1
out2273,3,0,1
out2274,3,0,1
out2275,3,0,1
out2276,3,0,1
out2277,3,0,1
out2279,3,0,1
out2280,3,0,1
out2281,3,0,1
out2282,3,0,1
out2283,3,0,1
out2284,3,0,1
out2285,3,0,1
out2286,3,0,1
out2287,3,0,1
out2288,3,0,1
out2289,3,0,1
out2291,3,0,1
out2294,3,0,1
out2296,3,0,1
out2299,3,0,1
out2302,3,0,1
out2303,3,0,1
out2305,3,0,1
out2306,3,0,1
out2308,3,0,1
out2309,3,0,1
out2310,3,0,1
out2311,3,0,1
out2312,3,0,1
out2315,3,0,1
out2316,3,0,1
out2317,3,0,1
out2318,3,0,1
out2319,3,0,1
out2320,3,0,1
out2321,3,0,1
out2322,3,0,1
out2323,3,0,1
out2324,3,0,1
out2325,3,0,1
out2327,3,0,1
out2328,3,0,1
out2329,3,0,1
out2330,3,0,1
out2332,3,0,1
out2333,3,0,1
out2334,3,0,1
out2335,3,0,1
out2336,3,0,1
out2339,3,0,1
out2340,3,0,1
out2341,3,0,1
out2343,3,0,1
out2344,3,0,1
out2345,3,0,1
out2346,3,0,1
out2351,3,0,1
out2352,3,0,1
out2353,3,0,1
out2354,3,0,1
out2356,3,0,1
out2358,3,0,1
out2359,3,0,1
out2360,3,0,1
out2361,3,0,1
out2362,3,0,1
out2363,3,0,1
out2364,3,0,1
out2365,3,0,1
out2366,3,0,1
out2367,3,0,1
out2369,3,0,1
out2370,3,0,1
out2372,3,0,1
out2373,3,0,1
out2375,3,0,1
out2377,3,0,1
out2378,3,0,1
out2379,3,0,1
out2381,3,0,1
out2384,3,0,1
out2385,3,0,1
out2386,3,0,1
out2387,3,0,1
out2390,3,0,1
out2391,3,0,1
out2392,3,0,1
out2393,3,0,1
out2394,3,0,1
out2395,3,0,1
out2396,3,0,1
out2397,3,0,1
out2400,3,0,1
out2401,3,0,1
out2405,3,0,1
out2407,3,0,1
out2408,3,0,1
out2410,3,0,1
out2411,3,0,1
out2412,3,0,1
out2413,3,0,1
out2416,3,0,1
out2417,3,0,1
out2418,3,0,1
out2419,3,0,1
out2420,3,0,1
out2421,3,0,1
out2422,3,0,1
out2423,3,0,1
out2425,3,0,1
out2426,3,0,1
out2427,3,0,1
out2428,3,0,1
out2430,3,0,1
out2431,3,0,1
out2432,3,0,1
out2434,3,0,1
out2435,3,0,1
out2436,3,0,1
out2437,3,0,1
out2439,3,0,1
out2440,3,0,1
out2441,3,0,1
out2442,3,0,1
out2444,3,0,1
out2445,3,0,1
out2446,3,0,1
out2447,3,0,1
out2448,3,0,1
out2449,3,0,1
out2450,3,0,1
out2451,3,0,1
out2452,3,0,1
out2453,3,0,1
out2454,3,0,1
out2457,3,0,1
out2458,3,0,1
out2460,3,0,1
out2461,3,0,1
out2463,3,0,1
out2465,3,0,1
out2466,3,0,1
out2467,3,0,1
out2468,3,0,1
out2469,3,0,1
out2470,3,0,1
out2472,3,0,1
out2473,3,0,1
out2474,3,0,1
out2475,3,0,1
out2477,3,0,1
out2478,3,0,1
out2479,3,0,1
out2480,3,0,1
out2482,3,0,1
out2483,3,0,1
out2484,3,0,1
out2485,3,0,1
out2486,3,0,1
out2489,3,0,1
out2490,3,0,1
out2491,3,0,1
out2492,3,0,1
out2493,3,0,1
out2494,3,0,1
out2496,3,0,1
out2497,3,0,1
out2498,3,0,1
out2499,3,0,1
out2500,3,0,1
out2501,3,0,1
out2502,3,0,1
out2503,3,0,1
out2504,3,0,1
out2506,3,0,1
out2507,3,0,1
out2508,3,0,1
out2509,3,0,1
out2510,3,0,1
out2511,3,0,1
out2513,3,0,1
out2515,3,0,1
out2517,3,0,1
out2518,3,0,1
out2519,3,0,1
out2520,3,0,1
out2521,3,0,1
out2522,3,0,1
out2524,3,0,1
out2526,3,0,1
out2527,3,0,1
out2528,3,0,1
out2529,3,0,1
out2530,3,0,1
out2531,3,0,1
out2533,3,0,1
out2534,3,0,1
out2535,3,0,1
out2537,3,0,1
out2538,3,0,1
out2539,3,0,1
out2540,3,0,1
out2541,3,0,1
out2542,3,0,1
out2543,3,0,1
out2544,3,0,1
out2545,3,0,1
out2546,3,0,1
out2547,3,0,1
out2548,3,0,1
out2550,3,0,1
out2551,3,0,1
out2552,3,0,1
out2553,3,0,1
out2554,3,0,1
out2556,3,0,1
out2557,3,0,1
out2559,3,0,1
out2560,3,0,1
out2563,3,0,1
out2564,3,0,1
out2565,3,0,1
out2566,3,0,1
out2567,3,0,1
out2568,3,0,1
out2569,3,0,1
out2571,3,0,1
out2575,3,0,1
out2576,3,0,1
out2577,3,0,1
out2578,3,0,1
out2580,3,0,1
out2581,3,0,1
out2582,3,0,1
out2583,3,0,1
out2585,3,0,1
out2586,3,0,1
out2587,3,0,1
out2588,3,0,1
out2589,3,0,1
out2590,3,0,1
out2591,3,0,1
out2592,3,0,1
out2594,3,0,1
out2597,3,0,1
out2598,3,0,1
out2599,3,0,1
out2600,3,0,1
out2601,3,0,1
out2602,3,0,1
out2604,3,0,1
out2605,3,0,1
out2606,3,0,1
out2607,3,0,1
out2608,3,0,1
out2609,3,0,1
out2610,3,0,1
out2611,3,0,1
out2612,3,0,1
out2613,3,0,1
out2614,3,0,1
out2616,3,0,1
out2617,3,0,1
out2618,3,0,1
out2619,3,0,1
out2620,3,0,1
out2621,3,0,1
out2623,3,0,1
out2625,3,0,1
out2626,3,0,1
out2627,3,0,1
out2628,3,0,1
out2630,3,0,1
out2631,3,0,1
out2632,3,0,1
out2634,3,0,1
out2635,3,0,1
out2636,3,0,1
out2637,3,0,1
out2638,3,0,1
out2639,3,0,1
out2640,3,0,1
out2641,3,0,1
out2642,3,0,1
out2643,3,0,1
out2644,3,0,1
out2645,3,0,1
out2647,3,0,1
out2648,3,0,1
out2649,3,0,1
out2650,3,0,1
out2651,3,0,1
out2652,3,0,1
out2653,3,0,1
out2655,3,0,1
out2658,3,0,1
out2659,3,0,1
out2660,3,0,1
out2661,3,0,1
out2662,3,0,1
out2663,3,0,1
out2664,3,0,1
out2665,3,0,1
out2666,3,0,1
out2667,3,0,1
out2668,3,0,1
out2670,3,0,1
out2671,3,0,1
out2672,3,0,1
out2673,3,0,1
out2675,3,0,1
out2676,3,0,1
out2677,3,0,1
out2678,3,0,1
out2679,3,0,1
out2680,3,0,1
out2681,3,0,1
out2682,3,0,1
out2684,3,0,1
out2685,3,0,1
out2687,3,0,1
out2688,3,0,1
out2689,3,0,1
out2690,3,0,1
out2691,3,0,1
out2693,3,0,1
out2694,3,0,1
out2695,3,0,1
out2696,3,0,1
out2697,3,0,1
out2698,3,0,1
out2700,3,0,1
out2701,3,0,1
out2703,3,0,1
out2705,3,0,1
out2706,3,0,1
out2707,3,0,1
out2708,3,0,1
out2709,3,0,1
out2710,3,0,1
out2711,3,0,1
out2713,3,0,1
out2714,3,0,1
out2715,3,0,1
out2716,3,0,1
out2717,3,0,1
out2718,3,0,1
out2719,3,0,1
out2720,3,0,1
out2721,3,0,1
out2722,3,0,1
out2723,3,0,1
out2724,3,0,1
out2725,3,0,1
out2727,3,0,1
out2729,3,0,1
out2730,3,0,1
out2732,3,0,1
out2733,3,0,1
out2734,3,0,1
out2735,3,0,1
out2737,3,0,1
out2738,3,0,1
out2739,3,0,1
out2740,3,0,1
out2741,3,0,1
out2743,3,0,1
out2744,3,0,1
out2745,3,0,1
out2746,3,0,1
out2749,3,0,1
out2750,3,0,1
out2751,3,0,1
out2752,3,0,1
out2753,3,0,1
out2756,3,0,1
out2757,3,0,1
out2758,3,0,1
out2759,3,0,1
out2760,3,0,1
out2761,3,0,1
out2762,3,0,1
out2763,3,0,1
out2764,3,0,1
out2765,3,0,1
out2766,3,0,1
out2767,3,0,1
out2768,3,0,1
out2769,3,0,1
out2770,3,0,1
out2771,3,0,1
out2772,3,0,1
out2774,3,0,1
out2775,3,0,1
out2777,3,0,1
out2778,3,0,1
out2780,3,0,1
out2781,3,0,1
out2782,3,0,1
out2783,3,0,1
out2784,3,0,1
out2785,3,0,1
out2787,3,0,1
out2788,3,0,1
out2790,3,0,1
out2791,3,0,1
out2792,3,0,1
out2793,3,0,1
out2794,3,0,1
out2795,3,0,1
out2797,3,0,1
out2798,3,0,1
out2799,3,0,1
out2800,3,0,1
out2801,3,0,1
out2802,3,0,1
out2803,3,0,1
out2805,3,0,1
out2806,3,0,1
out2807,3,0,1
out2808,3,0,1
out2809,3,0,1
out2810,3,0,1
out2811,3,0,1
out2812,3,0,1
out2813,3,0,1
out2814,3,0,1
out2815,3,0,1
out2818,3,0,1
out2819,3,0,1
out2820,3,0,1
out2821,3,0,1
out2823,3,0,1
out2824,3,0,1
out2825,3,0,1
out2826,3,0,1
out2828,3,0,1
out2829,3,0,1
out2830,3,0,1
out2832,3,0,1
out2833,3,0,1
out2834,3,0,1
out2835,3,0,1
out2836,3,0,1
out2838,3,0,1
out2839,3,0,1
out2840,3,0,1
out2841,3,0,1
out2842,3,0,1
out2843,3,0,1
out2844,3,0,1
out2845,3,0,1
out2846,3,0,1
out2847,3,0,1
out2849,3,0,1
out2851,3,0,1
out2852,3,0,1
out2853,3,0,1
out2854,3,0,1
out2856,3,0,1
out2859,3,0,1
out2861,3,0,1
out2863,3,0,1
out2864,3,0,1
out2865,3,0,1
out2866,3,0,1
out2867,3,0,1
out2868,3,0,1
out2869,3,0,1
out2870,3,0,1
out2872,3,0,1
out2873,3,0,1
out2875,3,0,1
out2876,3,0,1
out2877,3,0,1
out2878,3,0,1
out2880,3,0,1
out2881,3,0,1
out2882,3,0,1
out2883,3,0,1
out2885,3,0,1
out2886,3,0,1
out2887,3,0,1
out2888,3,0,1
out2889,3,0,1
out2890,3,0,1
out2891,3,0,1
out2892,3,0,1
out2893,3,0,1
out2894,3,0,1
out2895,3,0,1
out2896,3,0,1
out2898,3,0,1
out2900,3,0,1
out2902,3,0,1
out2903,3,0,1
out2907,3,0,1
out2908,3,0,1
out2909,3,0,1
out2910,3,0,1
out2911,3,0,1
out2912,3,0,1
out2913,3,0,1
out2914,3,0,1
out2915,3,0,1
out2917,3,0,1
out2918,3,0,1
out2919,3,0,1
out2920,3,0,1
out2921,3,0,1
out2922,3,0,1
out2923,3,0,1
out2924,3,0,1
out2925,3,0,1
out2927,3,0,1
out2928,3,0,1
out2929,3,0,1
out2931,3,0,1
out2933,3,0,1
out2934,3,0,1
out2936,3,0,1
out2937,3,0,1
out2938,3,0,1
out2939,3,0,1
out2940,3,0,1
out2942,3,0,1
out2944,3,0,1
out2945,3,0,1
out2946,3,0,1
out2947,3,0,1
out2948,3,0,1
out2950,3,0,1
out2951,3,0,1
out2952,3,0,1
out2953,3,0,1
out2954,3,0,1
out2955,3,0,1
out2956,3,0,1
out2957,3,0,1
out2958,3,0,1
out2960,3,0,1
out2961,3,0,1
out2962,3,0,1
out2963,3,0,1
out2964,3,0,1
out2965,3,0,1
out2968,3,0,1
out2969,3,0,1
out2970,3,0,1
out2971,3,0,1
out2972,3,0,1
out2973,3,0,1
out2974,3,0,1
out2975,3,0,1
out2976,3,0,1
out2977,3,0,1
out2978,3,0,1
out2979,3,0,1
out2980,3,0,1
out2981,3,0,1
out2982,3,0,1
out2983,3,0,1
out2984,3,0,1
out2986,3,0,1
out2987,3,0,1
out2988,3,0,1
out2989,3,0,1
out2990,3,0,1
out2991,3,0,1
out2994,3,0,1
out2995,3,0,1
out2996,3,0,1
out2997,3,0,1
out2998,3,0,1
out2999,3,0,1
out3000,3,0,1
out3001,3,0,1
out3002,3,0,1
out3004,3,0,1
out3005,3,0,1
out3007,3,0,1
out3008,3,0,1
out3009,3,0,1
out3010,3,0,1
out3011,3,0,1
out3012,3,0,1
out3014,3,0,1
out3016,3,0,1
out3017,3,0,1
out3018,3,0,1
out3019,3,0,1
out3020,3,0,1
out3021,3,0,1
out3024,3,0,1
out3025,3,0,1
out3026,3,0,1
out3027,3,0,1
out3028,3,0,1
out3029,3,0,1
out3033,3,0,1
out3034,3,0,1
out3035,3,0,1
out3037,3,0,1
out3039,3,0,1
out3040,3,0,1
out3043,3,0,1
out3044,3,0,1
out3045,3,0,1
out3046,3,0,1
out3047,3,0,1
out3048,3,0,1
out3049,3,0,1
out3050,3,0,1
out3051,3,0,1
out3052,3,0,1
out3053,3,0,1
out3054,3,0,1
out3055,3,0,1
out3056,3,0,1
out3057,3,0,1
out3059,3,0,1
out3060,3,0,1
out3061,3,0,1
out3063,3,0,1
out3064,3,0,1
out3065,3,0,1
out3066,3,0,1
out3067,3,0,1
out3068,3,0,1
out3069,3,0,1
out3070,3,0,1
out3071,3,0,1
out3072,3,0,1
out3073,3,0,1
out3074,3,0,1
out3076,3,0,1
out3077,3,0,1
out3078,3,0,1
out3079,3,0,1
out3080,3,0,1
out3082,3,0,1
out3083,3,0,1
out3084,3,0,1
out3085,3,0,1
out3086,3,0,1
out3087,3,0,1
out3088,3,0,1
out3089,3,0,1
out3090,3,0,1
out3091,3,0,1
out3093,3,0,1
out3094,3,0,1
out3095,3,0,1
out3096,3,0,1
out3098,3,0,1
out3099,3,0,1
out3101,3,0,1
out3102,3,0,1
out3103,3,0,1
out3104,3,0,1
out3105,3,0,1
out3107,3,0,1
out3109,3,0,1
out3110,3,0,1
out3111,3,0,1
out3112,3,0,1
out3113,3,0,1
out3114,3,0,1
out3115,3,0,1
out3116,3,0,1
out3119,3,0,1
out3120,3,0,1
out3121,3,0,1
out3122,3,0,1
out3123,3,0,1
out3124,3,0,1
out3125,3,0,1
out3126,3,0,1
out3127,3,0,1
out3128,3,0,1
out3129,3,0,1
out3130,3,0,1
out3131,3,0,1
out3132,3,0,1
out3133,3,0,1
out3134,3,0,1
out3135,3,0,1
out3136,3,0,1
out3137,3,0,1
out3138,3,0,1
out3139,3,0,1
out3141,3,0,1
out3142,3,0,1
out3143,3,0,1
out3144,3,0,1
out3145,3,0,1
out3147,3,0,1
out3148,3,0,1
out3150,3,0,1
out3151,3,0,1
out3152,3,0,1
out3153,3,0,1
out3154,3,0,1
out3155,3,0,1
out3156,3,0,1
out3158,3,0,1
out3159,3,0,1
out3160,3,0,1
out3161,3,0,1
out3162,3,0,1
out3163,3,0,1
out3165,3,0,1
out3166,3,0,1
out3167,3,0,1
out3168,3,0,1
out3169,3,0,1
out3170,3,0,1
out3173,3,0,1
out3174,3,0,1
out3175,3,0,1
out3176,3,0,1
out3177,3,0,1
out3178,3,0,1
out3179,3,0,1
out3181,3,0,1
out3182,3,0,1
out3183,3,0,1
out3184,3,0,1
out3186,3,0,1
out3187,3,0,1
out3189,3,0,1
out3190,3,0,1
out3191,3,0,1
out3193,3,0,1
out3194,3,0,1
out3195,3,0,1
out3196,3,0,1
out3197,3,0,1
out3198,3,0,1
out3199,3,0,1
out3201,3,0,1
out3202,3,0,1
out3203,3,0,1
out3204,3,0,1
out3206,3,0,1
out3207,3,0,1
out3208,3,0,1
out3209,3,0,1
out3210,3,0,1
out3211,3,0,1
out3212,3,0,1
out3215,3,0,1
out3217,3,0,1
out3218,3,0,1
out3219,3,0,1
out3221,3,0,1
out3222,3,0,1
out3223,3,0,1
out3226,3,0,1
out3228,3,0,1
out3230,3,0,1
out3232,3,0,1
out3233,3,0,1
out3234,3,0,1
out3235,3,0,1
out3236,3,0,1
out3239,3,0,1
out3240,3,0,1
out3241,3,0,1
out3242,3,0,1
out3243,3,0,1
out3245,3,0,1
out3248,3,0,1
out3249,3,0,1
out3250,3,0,1
out3251,3,0,1
out3252,3,0,1
out3253,3,0,1
out3254,3,0,1
out3255,3,0,1
out3257,3,0,1
out3258,3,0,1
out3259,3,0,1
out3260,3,0,1
out3261,3,0,1
out3262,3,0,1
out3263,3,0,1
out3264,3,0,1
out3265,3,0,1
out3266,3,0,1
out3267,3,0,1
out3268,3,0,1
out3269,3,0,1
out3270,3,0,1
out3271,3,0,1
out3272,3,0,1
out3273,3,0,1
out3274,3,0,1
out3275,3,0,1
out3276,3,0,1
out3277,3,0,1
out3278,3,0,1
out3279,3,0,1
out3280,3,0,1
out3282,3,0,1
out3283,3,0,1
out3284,3,0,1
out3285,3,0,1
out3286,3,0,1
out3287,3,0,1
out3288,3,0,1
out3289,3,0,1
out3290,3,0,1
out3293,3,0,1
out3295,3,0,1
out3296,3,0,1
out3298,3,0,1
out3299,3,0,1
out3300,3,0,1
out3301,3,0,1
out3302,3,0,1
out3303,3,0,1
out3306,3,0,1
out3307,3,0,1
out3308,3,0,1
out3309,3,0,1
out3310,3,0,1
out3311,3,0,1
out3314,3,0,1
out3317,3,0,1
out3318,3,0,1
out3319,3,0,1
out3320,3,0,1
out3321,3,0,1
out3322,3,0,1
out3323,3,0,1
out3324,3,0,1
out3325,3,0,1
out3326,3,0,1
out3327,3,0,1
out3328,3,0,1
out3330,3,0,1
out3331,3,0,1
out3332,3,0,1
out3334,3,0,1
out3336,3,0,1
out3341,3,0,1
out3342,3,0,1
out3344,3,0,1
out3345,3,0,1
out3346,3,0,1
out3349,3,0,1
out3350,3,0,1
out3352,3,0,1
out3353,3,0,1
out3355,3,0,1
out3356,3,0,1
out3359,3,0,1
out3360,3,0,1
out3362,3,0,1
out3364,3,0,1
out3366,3,0,1
out3367,3,0,1
out3368,3,0,1
out3369,3,0,1
out3371,3,0,1
out3373,3,0,1
out3374,3,0,1
out3376,3,0,1
out3377,3,0,1
out3378,3,0,1
out3379,3,0,1
out3382,3,0,1
out3383,3,0,1
out3384,3,0,1
out3386,3,0,1
out3387,3,0,1
out3388,3,0,1
out3390,3,0,1
out3391,3,0,1
out3392,3,0,1
out3393,3,0,1
out3395,3,0,1
out3397,3,0,1
out3398,3,0,1
out3400,3,0,1
out3402,3,0,1
out3403,3,0,1
out3405,3,0,1
out3406,3,0,1
out3407,3,0,1
out3409,3,0,1
out3410,3,0,1
out3411,3,0,1
out3412,3,0,1
out3413,3,0,1
out3414,3,0,1
out3416,3,0,1
out3417,3,0,1
out3419,3,0,1
out3420,3,0,1
out3421,3,0,1
out3422,3,0,1
out3423,3,0,1
out3424,3,0,1
out3425,3,0,1
out3426,3,0,1
out3427,3,0,1
out3428,3,0,1
out3429,3,0,1
out3430,3,0,1
out3431,3,0,1
out3432,3,0,1
out3433,3,0,1
out3434,3,0,1
out3435,3,0,1
out3436,3,0,1
out3437,3,0,1
out3438,3,0,1
out3439,3,0,1
out3440,3,0,1
out3441,3,0,1
out3442,3,0,1
out3443,3,0,1
out3444,3,0,1
out3445,3,0,1
out3446,3,0,1
out3447,3,0,1
out3448,3,0,1
out3449,3,0,1
out3450,3,0,1
out3451,3,0,1
out3452,3,0,1
out3453,3,0,1
out3454,3,0,1
out3455,3,0,1
out3456,3,0,1
out3458,3,0,1
out3459,3,0,1
out3460,3,0,1
out3462,3,0,1
out3463,3,0,1
out3464,3,0,1
out3465,3,0,1
out3466,3,0,1
out3467,3,0,1
out3468,3,0,1
out3469,3,0,1
out3470,3,0,1
out3471,3,0,1
out3472,3,0,1
out3473,3,0,1
out3474,3,0,1
out3475,3,0,1
out3476,3,0,1
out3477,3,0,1
out3478,3,0,1
out3479,3,0,1
out3480,3,0,1
out3481,3,0,1
out3482,3,0,1
out3484,3,0,1
out3485,3,0,1
out3486,3,0,1
out3487,3,0,1
out13,4,0,1
out17,4,0,1
out21,4,0,1
out28,4,0,1
out36,4,0,1
out37,4,0,1
out43,4,0,1
out54,4,0,1
out66,4,0,1
out71,4,0,1
out79,4,0,1
out80,4,0,1
out119,4,0,1
out130,4,0,1
out132,4,0,1
out135,4,0,1
out138,4,0,1
out144,4,0,1
out163,4,0,1
out165,4,0,1
out166,4,0,1
out173,4,0,1
out174,4,0,1
out188,4,0,1
out191,4,0,1
out193,4,0,1
out203,4,0,1
out208,4,0,1
out225,4,0,1
out229,4,0,1
out231,4,0,1
out233,4,0,1
out249,4,0,1
out253,4,0,1
out258,4,0,1
out264,4,0,1
out265,4,0,1
out276,4,0,1
out277,4,0,1
out287,4,0,1
out289,4,0,1
out292,4,0,1
out296,4,0,1
out297,4,0,1
out310,4,0,1
out342,4,0,1
out376,4,0,1
out385,4,0,1
out397,4,0,1
out405,4,0,1
out409,4,0,1
out411,4,0,1
out413,4,0,1
out424,4,0,1
out434,4,0,1
out449,4,0,1
out450,4,0,1
out451,4,0,1
out458,4,0,1
out473,4,0,1
out477,4,0,1
out490,4,0,1
out492,4,0,1
out506,4,0,1
out526,4,0,1
out529,4,0,1
out535,4,0,1
out541,4,0,1
out551,4,0,1
out567,4,0,1
out569,4,0,1
out576,4,0,1
out585,4,0,1
out594,4,0,1
out606,4,0,1
out611,4,0,1
out622,4,0,1
out657,4,0,1
out676,4,0,1
out677,4,0,1
out681,4,0,1
out685,4,0,1
out688,4,0,1
out693,4,0,1
out702,4,0,1
out710,4,0,1
out713,4,0,1
out716,4,0,1
out733,4,0,1
out737,4,0,1
out746,4,0,1
out748,4,0,1
out749,4,0,1
out775,4,0,1
out780,4,0,1
out800,4,0,1
out803,4,0,1
out806,4,0,1
out823,4,0,1
out832,4,0,1
out837,4,0,1
out866,4,0,1
out870,4,0,1
out875,4,0,1
out876,4,0,1
out879,4,0,1
out881,4,0,1
out885,4,0,1
out888,4,0,1
out889,4,0,1
out896,4,0,1
out910,4,0,1
out916,4,0,1
out941,4,0,1
out945,4,0,1
out969,4,0,1
out977,4,0,1
out986,4,0,1
out994,4,0,1
out999,4,0,1
out1004,4,0,1
out1010,4,0,1
out1013,4,0,1
out1023,4,0,1
out1031,4,0,1
out1047,4,0,1
out1049,4,0,1
out1055,4,0,1
out1059,4,0,1
out1063,4,0,1
out1066,4,0,1
out1069,4,0,1
out1073,4,0,1
out1081,4,0,1
out1082,4,0,1
out1099,4,0,1
out1101,4,0,1
out1108,4,0,1
out1110,4,0,1
out1116,4,0,1
out1125,4,0,1
out1126,4,0,1
out1127,4,0,1
out1129,4,0,1
out1135,4,0,1
out1152,4,0,1
out1160,4,0,1
out1161,4,0,1
out1163,4,0,1
out1164,4,0,1
out1167,4,0,1
out1168,4,0,1
out1172,4,0,1
out1179,4,0,1
out1181,4,0,1
out1186,4,0,1
out1191,4,0,1
out1198,4,0,1
out1217,4,0,1
out1227,4,0,1
out1237,4,0,1
out1242,4,0,1
out1250,4,0,1
out1251,4,0,1
out1286,4,0,1
out1290,4,0,1
out1293,4,0,1
out1295,4,0,1
out1298,4,0,1
out1324,4,0,1
out1325,4,0,1
out1331,4,0,1
out1333,4,0,1
out1343,4,0,1
out1345,4,0,1
out1353,4,0,1
out1355,4,0,1
out1357,4,0,1
out1361,4,0,1
out1364,4,0,1
out1368,4,0,1
out1379,4,0,1
out1382,4,0,1
out1385,4,0,1
out1387,4,0,1
out1404,4,0,1
out1408,4,0,1
out1429,4,0,1
out1441,4,0,1
out1457,4,0,1
out1463,4,0,1
out1464,4,0,1
out1470,4,0,1
out1474,4,0,1
out1480,4,0,1
out1485,4,0,1
out1489,4,0,1
out1501,4,0,1
out1503,4,0,1
out1507,4,0,1
out1513,4,0,1
out1516,4,0,1
out1518,4,0,1
out1527,4,0,1
out1528,4,0,1
out1536,4,0,1
out1546,4,0,1
out1547,4,0,1
out1552,4,0,1
out1562,4,0,1
out1564,4,0,1
out1566,4,0,1
out1583,4,0,1
out1588,4,0,1
out1589,4,0,1
out1592,4,0,1
out1609,4,0,1
out1616,4,0,1
out1618,4,0,1
out1620,4,0,1
out1622,4,0,1
out1627,4,0,1
out1637,4,0,1
out1638,4,0,1
out1644,4,0,1
out1646,4,0,1
out1655,4,0,1
out1658,4,0,1
out1663,4,0,1
out1666,4,0,1
out1668,4,0,1
out1670,4,0,1
out1676,4,0,1
out1680,4,0,1
out1685,4,0,1
out1693,4,0,1
out1696,4,0,1
out1702,4,0,1
out1704,4,0,1
out1709,4,0,1
out1711,4,0,1
out1727,4,0,1
out1734,4,0,1
out1740,4,0,1
out1751,4,0,1
out1755,4,0,1
out1758,4,0,1
out1763,4,0,1
out1767,4,0,1
out1769,4,0,1
out1772,4,0,1
out1773,4,0,1
out1776,4,0,1
out1780,4,0,1
out1784,4,0,1
out1792,4,0,1
out1800,4,0,1
out1804,4,0,1
out1811,4,0,1
out1814,4,0,1
out1817,4,0,1
out1823,4,0,1
out1825,4,0,1
out1833,4,0,1
out1838,4,0,1
out1851,4,0,1
out1854,4,0,1
out1857,4,0,1
out1859,4,0,1
out1867,4,0,1
out1868,4,0,1
out1870,4,0,1
out1882,4,0,1
out1889,4,0,1
out1894,4,0,1
out1896,4,0,1
out1916,4,0,1
out1918,4,0,1
out1928,4,0,1
out1933,4,0,1
out1939,4,0,1
out1945,4,0,1
out1950,4,0,1
out1959,4,0,1
out1962,4,0,1
out1968,4,0,1
out1969,4,0,1
out1972,4,0,1
out1979,4,0,1
out1981,4,0,1
out1988,4,0,1
out1998,4,0,1
out2008,4,0,1
out2011,4,0,1
out2015,4,0,1
out2019,4,0,1
out2020,4,0,1
out2021,4,0,1
out2038,4,0,1
out2039,4,0,1
out2041,4,0,1
out2050,4,0,1
out2059,4,0,1
out2066,4,0,1
out2070,4,0,1
out2072,4,0,1
out2081,4,0,1
out2084,4,0,1
out2091,4,0,1
out2093,4,0,1
out2100,4,0,1
out2111,4,0,1
out2117,4,0,1
out2124,4,0,1
out2133,4,0,1
out2134,4,0,1
out2142,4,0,1
out2145,4,0,1
out2158,4,0,1
out2160,4,0,1
out2162,4,0,1
out2166,4,0,1
out2177,4,0,1
out2183,4,0,1
out2187,4,0,1
out2194,4,0,1
out2199,4,0,1
out2202,4,0,1
out2211,4,0,1
out2218,4,0,1
out2220,4,0,1
out2240,4,0,1
out2248,4,0,1
out2258,4,0,1
out2264,4,0,1
out2265,4,0,1
out2266,4,0,1
out2278,4,0,1
out2295,4,0,1
out2297,4,0,1
out2298,4,0,1
out2304,4,0,1
out2314,4,0,1
out2337,4,0,1
out2342,4,0,1
out2350,4,0,1
out2355,4,0,1
out2357,4,0,1
out2371,4,0,1
out2374,4,0,1
out2376,4,0,1
out2380,4,0,1
out2382,4,0,1
out2383,4,0,1
out2388,4,0,1
out2398,4,0,1
out2399,4,0,1
out2409,4,0,1
out2414,4,0,1
out2424,4,0,1
out2429,4,0,1
out2455,4,0,1
out2464,4,0,1
out2471,4,0,1
out2476,4,0,1
out2512,4,0,1
out2514,4,0,1
out2516,4,0,1
out2523,4,0,1
out2525,4,0,1
out2555,4,0,1
out2558,4,0,1
out2561,4,0,1
out2570,4,0,1
out2572,4,0,1
out2573,4,0,1
out2579,4,0,1
out2584,4,0,1
out2595,4,0,1
out2603,4,0,1
out2615,4,0,1
out2633,4,0,1
out2654,4,0,1
out2656,4,0,1
out2674,4,0,1
out2683,4,0,1
out2699,4,0,1
out2702,4,0,1
out2704,4,0,1
out2712,4,0,1
out2728,4,0,1
out2736,4,0,1
out2747,4,0,1
out2748,4,0,1
out2754,4,0,1
out2755,4,0,1
out2786,4,0,1
out2789,4,0,1
out2804,4,0,1
out2817,4,0,1
out2827,4,0,1
out2831,4,0,1
out2848,4,0,1
out2850,4,0,1
out2858,4,0,1
out2897,4,0,1
out2901,4,0,1
out2904,4,0,1
out2916,4,0,1
out2930,4,0,1
out2932,4,0,1
out2935,4,0,1
out2949,4,0,1
out2959,4,0,1
out2993,4,0,1
out3006,4,0,1
out3015,4,0,1
out3030,4,0,1
out3031,4,0,1
out3036,4,0,1
out3062,4,0,1
out3081,4,0,1
out3140,4,0,1
out3146,4,0,1
out3172,4,0,1
out3180,4,0,1
out3185,4,0,1
out3188,4,0,1
out3192,4,0,1
out3205,4,0,1
out3216,4,0,1
out3220,4,0,1
out3224,4,0,1
out3231,4,0,1
out3281,4,0,1
out3292,4,0,1
out3294,4,0,1
out3312,4,0,1
out3335,4,0,1
out3337,4,0,1
out3354,4,0,1
out3363,4,0,1
out3372,4,0,1
out3375,4,0,1
out3380,4,0,1
out3389,4,0,1
out3399,4,0,1
out3401,4,0,1
out3404,4,0,1
out3415,4,0,1
out3418,4,0,1
out3457,4,0,1
out1,5,0,1
out5,5,0,1
out14,5,0,1
out27,5,0,1
out31,5,0,1
out33,5,0,1
out53,5,0,1
out59,5,0,1
out75,5,0,1
out90,5,0,1
out96,5,0,1
out100,5,0,1
out109,5,0,1
out123,5,0,1
out147,5,0,1
out152,5,0,1
out156,5,0,1
out158,5,0,1
out170,5,0,1
out176,5,0,1
out180,5,0,1
out181,5,0,1
out192,5,0,1
out199,5,0,1
out202,5,0,1
out204,5,0,1
out206,5,0,1
out213,5,0,1
out217,5,0,1
out250,5,0,1
out252,5,0,1
out259,5,0,1
out266,5,0,1
out284,5,0,1
out288,5,0,1
out293,5,0,1
out299,5,0,1
out304,5,0,1
out305,5,0,1
out333,5,0,1
out335,5,0,1
out337,5,0,1
out347,5,0,1
out354,5,0,1
out362,5,0,1
out369,5,0,1
out371,5,0,1
out374,5,0,1
out379,5,0,1
out383,5,0,1
out392,5,0,1
out394,5,0,1
out400,5,0,1
out410,5,0,1
out415,5,0,1
out417,5,0,1
out422,5,0,1
out427,5,0,1
out446,5,0,1
out448,5,0,1
out462,5,0,1
out468,5,0,1
out470,5,0,1
out483,5,0,1
out485,5,0,1
out487,5,0,1
out489,5,0,1
out494,5,0,1
out505,5,0,1
out514,5,0,1
out519,5,0,1
out525,5,0,1
out528,5,0,1
out531,5,0,1
out537,5,0,1
out540,5,0,1
out543,5,0,1
out548,5,0,1
out553,5,0,1
out557,5,0,1
out559,5,0,1
out561,5,0,1
out563,5,0,1
out568,5,0,1
out574,5,0,1
out581,5,0,1
out595,5,0,1
out598,5,0,1
out600,5,0,1
out619,5,0,1
out624,5,0,1
out628,5,0,1
out640,5,0,1
out642,5,0,1
out644,5,0,1
out646,5,0,1
out650,5,0,1
out659,5,0,1
out668,5,0,1
out679,5,0,1
out683,5,0,1
out690,5,0,1
out692,5,0,1
out698,5,0,1
out705,5,0,1
out718,5,0,1
out722,5,0,1
out724,5,0,1
out729,5,0,1
out736,5,0,1
out740,5,0,1
out747,5,0,1
out751,5,0,1
out754,5,0,1
out756,5,0,1
out758,5,0,1
out760,5,0,1
out778,5,0,1
out783,5,0,1
out788,5,0,1
out796,5,0,1
out798,5,0,1
out799,5,0,1
out808,5,0,1
out811,5,0,1
out818,5,0,1
out820,5,0,1
out822,5,0,1
out834,5,0,1
out840,5,0,1
out842,5,0,1
out846,5,0,1
out849,5,0,1
out851,5,0,1
out855,5,0,1
out857,5,0,1
out859,5,0,1
out863,5,0,1
out868,5,0,1
out891,5,0,1
out893,5,0,1
out895,5,0,1
out903,5,0,1
out907,5,0,1
out918,5,0,1
out926,5,0,1
out928,5,0,1
out932,5,0,1
out935,5,0,1
out937,5,0,1
out939,5,0,1
out948,5,0,1
out951,5,0,1
out954,5,0,1
out957,5,0,1
out959,5,0,1
out962,5,0,1
out971,5,0,1
out974,5,0,1
out978,5,0,1
out988,5,0,1
out990,5,0,1
out993,5,0,1
out1006,5,0,1
out1009,5,0,1
out1015,5,0,1
out1016,5,0,1
out1018,5,0,1
out1034,5,0,1
out1042,5,0,1
out1044,5,0,1
out1046,5,0,1
out1051,5,0,1
out1058,5,0,1
out1060,5,0,1
out1068,5,0,1
out1078,5,0,1
out1084,5,0,1
out1086,5,0,1
out1088,5,0,1
out1092,5,0,1
out1094,5,0,1
out1096,5,0,1
out1098,5,0,1
out1103,5,0,1
out1107,5,0,1
out1109,5,0,1
out1119,5,0,1
out1121,5,0,1
out1128,5,0,1
out1131,5,0,1
out1140,5,0,1
out1145,5,0,1
out1147,5,0,1
out1149,5,0,1
out1151,5,0,1
out1155,5,0,1
out1165,5,0,1
out1174,5,0,1
out1176,5,0,1
out1177,5,0,1
out1185,5,0,1
out1189,5,0,1
out1193,5,0,1
out1194,5,0,1
out1203,5,0,1
out1205,5,0,1
out1211,5,0,1
out1213,5,0,1
out1215,5,0,1
out1230,5,0,1
out1234,5,0,1
out1240,5,0,1
out1255,5,0,1
out1265,5,0,1
out1268,5,0,1
out1274,5,0,1
out1277,5,0,1
out1279,5,0,1
out1288,5,0,1
out1302,5,0,1
out1304,5,0,1
out1306,5,0,1
out1309,5,0,1
out1311,5,0,1
out1316,5,0,1
out1321,5,0,1
out1323,5,0,1
out1334,5,0,1
out1337,5,0,1
out1344,5,0,1
out1347,5,0,1
out1352,5,0,1
out1363,5,0,1
out1367,5,0,1
out1370,5,0,1
out1378,5,0,1
out1381,5,0,1
out1389,5,0,1
out1394,5,0,1
out1402,5,0,1
out1406,5,0,1
out1410,5,0,1
out1413,5,0,1
out1419,5,0,1
out1424,5,0,1
out1425,5,0,1
out1436,5,0,1
out1443,5,0,1
out1446,5,0,1
out1453,5,0,1
out1455,5,0,1
out1472,5,0,1
out1475,5,0,1
out1479,5,0,1
out1487,5,0,1
out1493,5,0,1
out1495,5,0,1
out1497,5,0,1
out1498,5,0,1
out1515,5,0,1
out1524,5,0,1
out1531,5,0,1
out1538,5,0,1
out1555,5,0,1
out1557,5,0,1
out1559,5,0,1
out1570,5,0,1
out1572,5,0,1
out1574,5,0,1
out1576,5,0,1
out1578,5,0,1
out1581,5,0,1
out1586,5,0,1
out1600,5,0,1
out1603,5,0,1
out1607,5,0,1
out1613,5,0,1
out1624,5,0,1
out1629,5,0,1
out1633,5,0,1
out1636,5,0,1
out1642,5,0,1
out1673,5,0,1
out1682,5,0,1
out1689,5,0,1
out1705,5,0,1
out1714,5,0,1
out1729,5,0,1
out1736,5,0,1
out1737,5,0,1
out1739,5,0,1
out1749,5,0,1
out1757,5,0,1
out1760,5,0,1
out1762,5,0,1
out1765,5,0,1
out1795,5,0,1
out1802,5,0,1
out1807,5,0,1
out1821,5,0,1
out1827,5,0,1
out1835,5,0,1
out1837,5,0,1
out1848,5,0,1
out1861,5,0,1
out1873,5,0,1
out1878,5,0,1
out1880,5,0,1
out1883,5,0,1
out1886,5,0,1
out1897,5,0,1
out1904,5,0,1
out1912,5,0,1
out1926,5,0,1
out1941,5,0,1
out1951,5,0,1
out1983,5,0,1
out1986,5,0,1
out1993,5,0,1
out2004,5,0,1
out2009,5,0,1
out2016,5,0,1
out2028,5,0,1
out2031,5,0,1
out2035,5,0,1
out2048,5,0,1
out2053,5,0,1
out2060,5,0,1
out2067,5,0,1
out2075,5,0,1
out2083,5,0,1
out2086,5,0,1
out2098,5,0,1
out2116,5,0,1
out2122,5,0,1
out2125,5,0,1
out2137,5,0,1
out2139,5,0,1
out2147,5,0,1
out2154,5,0,1
out2168,5,0,1
out2170,5,0,1
out2181,5,0,1
out2189,5,0,1
out2192,5,0,1
out2222,5,0,1
out2223,5,0,1
out2233,5,0,1
out2235,5,0,1
out2243,5,0,1
out2253,5,0,1
out2292,5,0,1
out2300,5,0,1
out2331,5,0,1
out2338,5,0,1
out2347,5,0,1
out2348,5,0,1
out2368,5,0,1
out2402,5,0,1
out2406,5,0,1
out2415,5,0,1
out2433,5,0,1
out2438,5,0,1
out2443,5,0,1
out2459,5,0,1
out2462,5,0,1
out2481,5,0,1
out2488,5,0,1
out2532,5,0,1
out2574,5,0,1
out2593,5,0,1
out2596,5,0,1
out2622,5,0,1
out2624,5,0,1
out2629,5,0,1
out2646,5,0,1
out2657,5,0,1
out2669,5,0,1
out2686,5,0,1
out2726,5,0,1
out2731,5,0,1
out2776,5,0,1
out2779,5,0,1
out2796,5,0,1
out2816,5,0,1
out2822,5,0,1
out2837,5,0,1
out2855,5,0,1
out2857,5,0,1
out2860,5,0,1
out2862,5,0,1
out2871,5,0,1
out2874,5,0,1
out2884,5,0,1
out2899,5,0,1
out2926,5,0,1
out2941,5,0,1
out2943,5,0,1
out2966,5,0,1
out2985,5,0,1
out2992,5,0,1
out3003,5,0,1
out3022,5,0,1
out3041,5,0,1
out3058,5,0,1
out3092,5,0,1
out3097,5,0,1
out3100,5,0,1
out3106,5,0,1
out3108,5,0,1
out3117,5,0,1
out3149,5,0,1
out3157,5,0,1
out3213,5,0,1
out3214,5,0,1
out3225,5,0,1
out3227,5,0,1
out3229,5,0,1
out3256,5,0,1
out3297,5,0,1
out3304,5,0,1
out3305,5,0,1
out3315,5,0,1
out3316,5,0,1
out3329,5,0,1
out3338,5,0,1
out3339,5,0,1
out3343,5,0,1
out3347,5,0,1
out3351,5,0,1
out3357,5,0,1
out3358,5,0,1
out3361,5,0,1
out3365,5,0,1
out3370,5,0,1
out3381,5,0,1
out3394,5,0,1
out3396,5,0,1
out3408,5,0,1
out3461,5,0,1
out3483,5,0,1
out9,6,0,1
out12,6,0,1
out26,6,0,1
out35,6,0,1
out40,6,0,1
out58,6,0,1
out61,6,0,1
out77,6,0,1
out84,6,0,1
out86,6,0,1
out98,6,0,1
out104,6,0,1
out106,6,0,1
out112,6,0,1
out114,6,0,1
out118,6,0,1
out120,6,0,1
out122,6,0,1
out125,6,0,1
out126,6,0,1
out141,6,0,1
out149,6,0,1
out160,6,0,1
out168,6,0,1
out172,6,0,1
out185,6,0,1
out187,6,0,1
out195,6,0,1
out209,6,0,1
out211,6,0,1
out220,6,0,1
out226,6,0,1
out230,6,0,1
out232,6,0,1
out235,6,0,1
out237,6,0,1
out239,6,0,1
out241,6,0,1
out246,6,0,1
out248,6,0,1
out257,6,0,1
out263,6,0,1
out269,6,0,1
out271,6,0,1
out275,6,0,1
out282,6,0,1
out291,6,0,1
out295,6,0,1
out301,6,0,1
out307,6,0,1
out309,6,0,1
out311,6,0,1
out313,6,0,1
out318,6,0,1
out321,6,0,1
out323,6,0,1
out325,6,0,1
out327,6,0,1
out331,6,0,1
out339,6,0,1
out344,6,0,1
out346,6,0,1
out350,6,0,1
out358,6,0,1
out360,6,0,1
out364,6,0,1
out367,6,0,1
out373,6,0,1
out388,6,0,1
out396,6,0,1
out399,6,0,1
out404,6,0,1
out406,6,0,1
out408,6,0,1
out412,6,0,1
out429,6,0,1
out431,6,0,1
out436,6,0,1
out438,6,0,1
out442,6,0,1
out455,6,0,1
out457,6,0,1
out472,6,0,1
out474,6,0,1
out476,6,0,1
out479,6,0,1
out496,6,0,1
out501,6,0,1
out503,6,0,1
out507,6,0,1
out512,6,0,1
out517,6,0,1
out533,6,0,1
out536,6,0,1
out547,6,0,1
out555,6,0,1
out570,6,0,1
out572,6,0,1
out578,6,0,1
out579,6,0,1
out583,6,0,1
out587,6,0,1
out589,6,0,1
out593,6,0,1
out604,6,0,1
out609,6,0,1
out613,6,0,1
out615,6,0,1
out626,6,0,1
out630,6,0,1
out632,6,0,1
out635,6,0,1
out648,6,0,1
out661,6,0,1
out663,6,0,1
out670,6,0,1
out672,6,0,1
out694,6,0,1
out696,6,0,1
out709,6,0,1
out721,6,0,1
out726,6,0,1
out732,6,0,1
out738,6,0,1
out745,6,0,1
out762,6,0,1
out767,6,0,1
out769,6,0,1
out772,6,0,1
out786,6,0,1
out791,6,0,1
out802,6,0,1
out805,6,0,1
out813,6,0,1
out829,6,0,1
out831,6,0,1
out865,6,0,1
out882,6,0,1
out900,6,0,1
out906,6,0,1
out913,6,0,1
out921,6,0,1
out923,6,0,1
out943,6,0,1
out967,6,0,1
out1002,6,0,1
out1024,6,0,1
out1026,6,0,1
out1028,6,0,1
out1038,6,0,1
out1052,6,0,1
out1065,6,0,1
out1076,6,0,1
out1090,6,0,1
out1111,6,0,1
out1138,6,0,1
out1143,6,0,1
out1157,6,0,1
out1169,6,0,1
out1196,6,0,1
out1200,6,0,1
out1219,6,0,1
out1228,6,0,1
out1236,6,0,1
out1245,6,0,1
out1249,6,0,1
out1253,6,0,1
out1257,6,0,1
out1283,6,0,1
out1297,6,0,1
out1299,6,0,1
out1313,6,0,1
out1326,6,0,1
out1338,6,0,1
out1358,6,0,1
out1373,6,0,1
out1421,6,0,1
out1427,6,0,1
out1500,6,0,1
out1512,6,0,1
out1647,6,0,1
out1718,6,0,1
out1743,6,0,1
out1809,6,0,1
out1841,6,0,1
out1931,6,0,1
out1936,6,0,1
out1954,6,0,1
out2043,6,0,1
out2201,6,0,1
out2205,6,0,1
out2212,6,0,1
out2262,6,0,1
out2290,6,0,1
out2301,6,0,1
out2307,6,0,1
out2313,6,0,1
out2389,6,0,1
out2403,6,0,1
out2456,6,0,1
out2495,6,0,1
out2742,6,0,1
out2879,6,0,1
out3013,6,0,1
out3023,6,0,1
out3032,6,0,1
out3164,6,0,1
out3244,6,0,1
out3246,6,0,1
out3313,6,0,1
out3385,6,0,1
out16,7,0,1
out22,7,0,1
out24,7,0,1
out38,7,0,1
out46,7,0,1
out50,7,0,1
out67,7,0,1
out69,7,0,1
out73,7,0,1
out89,7,0,1
out102,7,0,1
out108,7,0,1
out116,7,0,1
out134,7,0,1
out143,7,0,1
out146,7,0,1
out151,7,0,1
out154,7,0,1
out183,7,0,1
out190,7,0,1
out215,7,0,1
out243,7,0,1
out255,7,0,1
out280,7,0,1
out315,7,0,1
out329,7,0,1
out356,7,0,1
out377,7,0,1
out381,7,0,1
out386,7,0,1
out390,7,0,1
out440,7,0,1
out452,7,0,1
out460,7,0,1
out464,7,0,1
out466,7,0,1
out499,7,0,1
out545,7,0,1
out652,7,0,1
out656,7,0,1
out687,7,0,1
out764,7,0,1
out782,7,0,1
out816,7,0,1
out825,7,0,1
out827,7,0,1
out981,7,0,1
out983,7,0,1
out1392,7,0,1
out1417,7,0,1
out1490,7,0,1
out1598,7,0,1
out1631,7,0,1
out1698,7,0,1
out1907,7,0,1
out2006,7,0,1
out2230,7,0,1
out2241,7,0,1
out2349,7,0,1
out2487,7,0,1
out2505,7,0,1
out3333,7,0,1
out3348,7,0,1
out44,8,0,1
out48,8,0,1
out55,8,0,1
out63,8,0,1
out94,8,0,1
out136,8,0,1
out139,8,0,1
out162,8,0,1
out178,8,0,1
out200,8,0,1
out218,8,0,1
out222,8,0,1
out224,8,0,1
out261,8,0,1
out286,8,0,1
out375,8,0,1
out420,8,0,1
out481,8,0,1
out521,8,0,1
out565,8,0,1
out591,8,0,1
out596,8,0,1
out743,8,0,1
out784,8,0,1
out872,8,0,1
out897,8,0,1
out1259,8,0,1
out1774,8,0,1
out1866,8,0,1
out2326,8,0,1
out2536,8,0,1
out2549,8,0,1
out2562,8,0,1
out2773,8,0,1
out3038,8,0,1
out3171,8,0,1
out3200,8,0,1
out3340,8,0,1
out92,9,0,1
out110,9,0,1
out198,9,0,1
out207,9,0,1
out273,9,0,1
out426,9,0,1
out509,9,0,1
out538,9,0,1
out707,9,0,1
out1707,9,0,1
out1759,9,0,1
out1846,9,0,1
out1913,9,0,1
out3118,9,0,1
out3238,9,0,1
out3291,9,0,1
out42,10,0,1
out164,10,0,1
out228,10,0,1
out267,10,0,1
out341,10,0,1
out789,10,0,1
out844,10,0,1
out1407,10,0,1
out1522,10,0,1
out1639,10,0,1
out2404,10,0,1
out2967,10,0,1
out3247,10,0,1
out278,11,0,1
out6,12,0,1
out8,12,0,1
out81,12,0,1
out580,12,0,1
out1007,12,0,1
out1053,12,0,1
out549,13,0,1
out1422,13,0,1
out370,14,0,1
out898,15,0,1
out1136,15,0,1
out2,16,0,1
out18,16,0,1
out602,16,0,1
out3042,16,0,1
out29,17,0,1
out10,23,0,1
